,Ticker,Mentions,Negative Average,Positive Average,Overall Sentiment,Top 20 Tweets,20 Quality Tweets
0,$GME,774,0.5926744186046511,0.40759731543624156,Negative,"['when it comes to gme options investors should be very careful'
 'gme is now the third most mentioned ticker on wsb'
 'og is back in the news and is at risk of a short squeezewatch our latest video below to learn more gme'
 'gme is down nearly  this morning' 'motley fool is having a gme meltdown'
 'gamestop is going to compete and steal market share fromvalve steam bopensea bcoinbase bbinance bgamestops current market capbgme is hugely undervalued'
 'gme i actually think so too'
 'gme and the infinity pool buy and hold and the share price is whatever we want dream big'
 'short sale restriction ssr got triggered on gme today will be on tomorrow'
 'love how no one gives a sht about dips anymore come on here and barely a peep about daily price action love it communitywide zen ill call it so easy to hodl with yall and knowing the price is wrong gme'
 'confirmations coming in from that the gme proxy record date is april   this is the deadline for your shares to count in this years annual vote'
 'so i doubt this will get seen by but please get to stop shadow banning gme gamestop they remove all our likes from and tweets i know you hate those bastard shorts power to the players'
 'you get the gme runs and you destroy your shorts'
 'you are not in serious trouble why would you borrow  million gme shares at  to try and manipulate the price down'
 'im a proud gme elitist bc its the superstonk  i only talk ab stock and i am never wrong'
 'borrow rates appear to be making the turnaround today as more gme shares borrowed k than returned k avg  maximum rate increase to  prev '
 'almost every other day we learn about a new development on gme via a hint leak discovery or an announcementmsm is often critiquing gamestop for having no plan but honestly all of this definitely feels planned to me its a build up to a bigger climax a launch'
 'do we wanna talk about the fact that yesterday a green day saw the highest dark pool  since jan and that today theyre out here ready to dump m shares  gme'
 'limitless lake is not a meme gme'
 'buy and sell your favorite nfts and cryptos for a lower cost and higher speedis gamestop building a stealth crypto exchange']","['gme narrative to knock nft suck it you lost split and dividend jump its just easier save yourself'
 'we always say no dates but lets be honest we love dates tits jacked either way gme'
 'gme shares available to short stonkotracker says '
 'gme the apologies better be as loud as the disrespect has been'
 'good morning everyone gme except the predatory naked short sellers fuk them'
 'closed the gme short today wanted to close it on an equity offering but no need to be greedy after a nice move in trading days will revisit again'
 'has any company ever promoted privacy related settings and options suggestions this much this one from privacy policy of nft marketplace gme'
 'our unusual options platform alerted gme with our scanner on  call expiring  worth k get ahead of the move with sweepcast amp learn more about it on our profile today'
 'i like gme titties steaksi dont like drama or amc overalljamie and rocky are good guys as far as i can tell but knowledgeable on a lot so power to them to talk ab whatever they want'
 'gme is now the third most mentioned ticker on wsb' 'gme this is the way'
 'gme enjoy fckery while u can moass soon'
 'gme ssr memes so hot right now'
 'papa gonna buy more gme tomorrow my gut says yes t since the split announcement which is the required wait time for insiders to buy is tomorrow fyi'
 'gme this thing is a guaranteed good play ill debate any bear bring it on'
 'gme countless of bounces at the support staying above that is important as going below would break the bull flag on the daily chart'
 'gme then'
 'gmewe  have dug a hole far too deep to ever dig ourselves out and we need you to dump your shares asap like yest make them fucking squirm beg amp cry for your shares  then raise your sell limits even higher fuck these soulless cowards give them hell nfa'
 'gme im all in on gamestop  drs lock the float' 'gme huge']"
1,$TSLA,2575,0.5403396946564886,0.5428138297872339,Positive,"['tsla price target raised from  to  at ubs'
 'the tsla  call that expires this friday is currently the most traded tesla option contract'
 'tsla made in germany build quality worse than made in china'
 'and just like that inthemoney on tsla short incredible how the legging in method takes off so much stress amp puts members and i into a position where we can profit charts are charts probabilities are probabilities gotta just stop thinking and trade'
 'tsla has surpassed million option contracts traded today  of those contracts are calls'
 'team was all ready to head to tx to do the whole show live at the grand opening of s but tsla people cant engage weird youd think would want such a positive business story to be profiled'
 'tesla stock slips lower as shanghai extends covid lockdown amid record infection surge'
 'tsla levels and thoughts'
 'tsla yowzaone image to demonstrate how far behind analysts have been in estimating teslas revenuealmost comical revisions via'
 'tsla resistance right at the trendlinestill some unfilled gap to fill down to around'
 'tsla falling back on the sma as price faces resistance'
 'this cannot make tsla shareholders happy' 'tsla this time is different'
 'tsla intra day thoughts'
 'sometimes when you look at the future your hampered by past models of how things should go this was my error with tsla despite loving the car its growth and margin maintenance is nothing weve ever seen before since maybe the model t'
 'more than k tsla option contracts traded already  call  put'
 'ive never had a position but anyone thinking about luxury product x should visit high col area packed with rich couldbecustomers if they achieve such market share worlwide tsla'
 'the supply chain crisis has been bullish for tsla while chip shortages etc are a challenge for tesla they have really hit the auto industry in terms of evoverall production'
 'tsla puts purchased yesterday paying off today no reason for that  pop yesterday'
 'heh low overall auto production keeps pricing power high for teslaeveryone and rivals have a lot of attractive evs  but volumes are seriously constrained and tsla are the real exceptions of course when the chip crisis finally wanes']","['the next movement i expect from to let cryptocurrencies to be used for twitter interactions mark my wordstsla'
 'tsla trade review called this out last night on live stream plan the trade and trade trade the plan'
 'tsla touched in november and feb and yesterday upper bollinger band always rejected today fail to break through and down again rsi mid strong macd weaker probably trending to mid bollinger band  again but effect stock split'
 'so when are you buying tsla'
 'tsla bears celebrating a dip to  is very funny'
 'starting  say no more tsla'
 'tsla current trendpricenext predicted price  '
 ' when is my and customers roadster coming i know its just considered dessert but people need their desserts tsla'
 'even though it wont outperform tsla'
 'i used leverage to almost double my holdings during this period if tsla goes bust im living on the streets'
 'tslas aftersales service support very telling that his mind is only on himself'
 'kba german passenger vehicle registrations down  yoy in march bev up  yoy for a  share tsla up   share oem group analysis when data available'
 'tsla intra day thoughts'
 'lastly imagine making millions of ice cars now imagine switching to millions of evs you still sold the same of cars but your profits go down while making the change you add to your billions of debt tsla is accumulating cash gaining market share moving to new projects'
 'we should see tsla bounce off of this support level amp reboundim done for the day ill just sit back amp watch from a distance'
 'tsla only challenge going crazy and were only days in'
 'the charts and stats showing sales vs other evs are becoming hilariously obsolete time to start focusing on data showing tesla sales vs all autos in their respective segment not just bev tsla'
 'im officially married to my tsla'
 'questionid calls play a huge role or did you make your fortune on tsla shares only'
 'sold my tsla share to buy more feels a week agonot everybody understood why but they understand now']"
2,$TWTR,5632,0.5148447653429603,0.45659537572254333,Negative,"['twitter to appoint elon musk to board of directorstwtr'
 'so is volting acquired a bag of twtr shares would that mean that is the next in line to '
 'twtr is promoting elon musk to its board of directors'
 'elon musk is joining the twtr boardwatch out world'
 'jack dorsey says hes really happy elon is joining the twitter boardtwtr'
 'breaking will join twtrs board of directors'
 'twitter said it would name top shareholder and tesla boss elon musk to its board a day after the billionaire disclosed a  stake in the social media company twtr'
 'seen on wsb breaking twtr to add huge buy tesla button between like and retweet'
 'twitter ceo parag agrawal on musks twitter poll on edit button says the consequences of this poll will be important please vote carefullytwtr'
 'elon musk has set the stage for a new fight with the sec this time over how he disclosed his investment in twitter that has made him the companys largest investor twtr'
 'twitter yesterday  gain was its largest single day advance volume of over million shares was by far its highest ever  billion increase in market cap was the largest day jump weve seen since its ipo in twtrcharting via'
 'twitter says company has been working on an edit feature since last yeartwtr'
 'musk began buying twitter stock on jan  and purchased shares every day the markets were open through april  according to a new disclosure that ditches the pretense that he was passively buying twtr shares'
 'twitter shares soared after a regulatory filing showed that tesla ceo elon musk had a  stake in the microblogging site musk owns million twitter shares twtr'
 ' twitter will appoint musk to companys board to serve as a class ii directortwtr'
 'elon musks oneday gain in twtr shares are a multiple of the companys annual profitsvia '
 'i can talk amp the saga all day long announces that the richest man on the planet has joined its board as a class ii director owns  in twtr which is the single largest holding in the companyhes already made  billion on it'
 'inc  will appoint to companys board to serve as a class ii directortwtr  on the newspassive turning active very quickly'
 'twtr is planning to limit elon musks stake to  while he serves on the board'
 'twitter options trades ahead of musk disclosure raise eyebrows  twtr']","['time for us all to buy twtr and give elon our proxy'
 'dark pool printsymbol twtrsize m sharesprice total m'
 'twtr dont get it twisted elon loves money because it gives him options to do whatever the fuck he wants'
 'twitter to appoint elon musk to its board of directorsso much for a passive stake twtr'
 'where twtr ran up to vwap is where we usually want to enter short unfortunately i took another sell setup  failure at ma n now its back below'
 'twtr' 'twtr righting the boat' 'switched to a twtr call'
 'twtr so many bear posts they must really be hurting ay'
 'what a time to be a twtr employee or shareholder'
 'heres what im seeing on twtr'
 'twtr is filling the gap  expect it to get to  today charts to follow'
 'you buying twtr' 'unironically very bullish for twtr' 'twtr'
 'twtr didnt cathie sell recently' 'twtr via' 'twtr up ' 'twtr'
 'looks like every engineering team at twtr will need to reprioritize their stories for the upcoming sprint  which was much needed thanks ']"
3,$AMC,3059,0.5701085526315789,0.4917534246575342,Negative,"['the amc apes live in a weird space on this planet they invest in a moneylosing theater company that buys a piece of a moneylosing gold mine and they think i somehow manipulated the stock down ny warning them about all of the above sad'
 'amc finishes down  to '
 'when amc ape conspiracy theorists rail about pfof they always say they will gladly pay full commission what they dont know they will pay full commission not for an fa but for some kid in a customer service center because they dont have enough money to get a real broker'
 'remember the popcorn is still free amc shareholders dont let anyone tell you different'
 'amc is down nearly  this morning'
 'everyone who matters is still holding now if we can get to buy up the last  of the amc float then we can really make some serious sht happen'
 'people in my circle hahaha just a creepy stalker w a weird fake name plus you didnt sell amc at  which makes you a horrible investor other than that youre a catch ha'
 'amc sec use rule a to remove gme amp amc from dark pool  sign the petition via'
 'amc citadel has been fined x a minor transaction fee to continue the fuckery to make billions'
 'retweet this if you still havent sold your amc shares'
 'heres a fun fact for everyone watching the clown show retail isnt stupid we see exactly whats going on  everybody takes their citadel cut at retails expense politicians get their campaigns paid amc'
 'amc with only k shorts available and  utilization yesterday they shorted m shares i smell crime'
 'whyamc'
 'i setup a limited sell order with fidelity through iex to see what it looked like i canceled the order a few minutes latercan someone explain why its route through citadel amc'
 'amc price is dropping but the dark pool orders are through the roof this is directly correlated to our price drop pfof is a scam already shares dark pooled thats  millon  in buy pressure stolen'
 'last month let wall street short another amc shares at  utilization this is  of the legally issued float in one month on a stock that makes no sense to short so question is '
 'amc nobody is selling'
 'ryan cohen adam aaron amp elon musk are revolutionizing ceo influence beyond their own companiesif you cant see how this is gonna play out for all involvedallow me to be clear shorts are fcked voices will no longer be silenced amp their influence will spread further amc'
 'yall remember all the dd that was done last year showing that amc was going to squeeze well it was all true and its still going to squeeze nothing has changed dont let a red day or manipulation get you down were all going to be rich af'
 'amcthis is the longest amcs utilization has ever been at']","['amc this really feels like the hedgies last stand'
 'amc elon buy million all at once to cause moass'
 'amc its time to start protesting fuck this'
 'amc marge is a crack whore who didnt pay her cell phone bill she isnt calling anyone'
 'amc guess we below tomorrow'
 'we are down very significantly since occurred will it ever be investigated  will there be lawsuits amc'
 'amc wow going the wrong way'
 'amc any new dumpster fire gifs this one is gettin old'
 'this is for entertainment purposes only yeah feeling the urge to wanna rip my hair out so entertaining amc'
 'amc is one of the top trending stocks on stocktwits and twitter here are the latest numbersm twitter impressionsk stocktwits impressions'
 'meanwhile this happens in my city not sure if it has anything to do with amc'
 'amc i think we should all respect the fact that retail has been getting up at am every morning to sell regardless of the price action its dedication'
 'amc  or lower please i call bullshit kenken stallinginterest rate hikes coming faster'
 'amc probably close green again today if apes were more organized by tomorrow to slap that ask to beat the algos it could go past s easily with descent volume'
 'amc retesting  soon guys hodl'
 'nice to get a respond btw matt  watched tons of your livestreams specially in the early amc days learned a lot'
 'its cool i get paid tomorrow amc'
 'amc no dates no expectations no price targets hold indefinitely just trust me bro how could you go wrong'
 'amc fun fact for you gfy'
 'your a joke amc crime of the century and your here playing with yourself']"
4,$SPY,3793,0.5438112582781457,0.42409459459459464,Negative,"['spy big short dated puts rolling in today'
 'spy looking for the  price range to hold firm as price falls back on the daily'
 'spy follow up and some asked for my sell rules print them out'
 'spy falling back into the daily  ma cloud as price looks to hold off the swing low vwap'
 'spy weekly playing back above the  price range'
 'spy levels grab your levels for tomorrow' 'spy follow up'
 'spy we gave you the levels but you didnt want to watch a minute video now youre red and bag holdingall because you didnt want to watch a videosmh'
 'spy at day low as we enter the last hour of the regular session'
 'zelensky calls on un to eject russia from its permanent security council seat spy via'
 'bless which ever fed member said something the second i got these spy'
 'guess where spy reversed '
 'im out was just trying to buy puts over  spy'
 'spy morning brief top stories dominating financial media on tuesday april'
 'why ukraines infrastructure resources are pivotal to the global economy spy via'
 'in  the fed raised interest rates times and drew down its bs assets as shown in the chart the stock market spy simultaneously fell  today fed governor lael brainard said she expects a combination of interest rate increases and a rapid balance sheet runoff soon'
 'spy the hockey stick rounded bottom has created a nice trigger breaking above and reaching the pt of  the and with positive slopes are hinting the momentum to the bulls to continue has to break with upside pt of  ema has to hold or retest possible'
 'minute work day on the day amp  on the week so far traded todayspy  x '
 'dont be one of the small lot traders in this cumulative delta chart top orange line that is trying to buy a market moving sharply down make your trading life easier follow the size amp momentum path of least resistanceat this point in the intradayis down spy'
 'fomc tomorrow imo if the minutes is dovish we see a pretty good bounce not expecting us to tank further market has funny way of pricing in tomorrow just be careful what is concerning is yr mortgage rates but market did rip in the past on higher rates spy']","['spy lod'
 'spy lets hope ukraine wasnt just a strategic jab in a longer fight'
 'spy bruh them prices never been lower its practically stealing'
 'spy bullish reversal at support level s  minute '
 'trading is not the part our mindset is the hard part spy'
 'damnnn i missed that spy puts entry' 'spy btd'
 'sweep spy   puts for  spot volume oi iv premium kcategory large blend'
 'spy went from cash is a position back to cash is trash awful fast'
 'spy pulling back now tomorrow going to be a shit show'
 'will spy close below ' 'spy that was a breakout reversal'
 'spy clwt found some support i think its ripe for a ripping lol'
 'spy just found out my prop is worth over m paid for it not gunna sell'
 'this is why they wont give us the cure for aids what a  spy'
 'spy final moc ' 'spy puts consistently printing on lh ema taps'
 'spy you are at a volume support here bears'
 'spy what happened to your posts'
 'all this should have already been done but the machines sell and we do some backing and filling this is good news for me as we can get this behind us spy']"
5,$HMHC,15,0.60028,0.3723,Negative,"['houghton mifflin harcourt company traded m shares  above average volume hmhc'
 'houghton mifflin harcourt company traded m shares  above average volume hmhc'
 'decided not to tender my hmhc shares ive checked out evercores valuation and its projections are using lower and notupdated numbers for fy ebitda est m act m tad disappointed in management for selling shareholders short  is a fair price'
 'hmhc repeat bullish flow and  up after hours courtesy'
 'hmhc strike expiration  call hmhcc price size time  pmpremium '
 'hmhc july th post made people money as it was now were seeing daily tens of thousands of calls in playthis play is doneignore itat this point you would only buy long dated puts as maybe agreement failsleave arbitrage to firms'
 'our unusual options platform alerted hmhc with our scanner on  call expiring  worth k get ahead of the move with amp learn more about it on our profile today'
 'chart for hmhc free options app' 'chart for hmhc free options app'
 'hmhc most active call option jun calls see hmhc option chain'
 'hmhc houghton mifflin harcourt company option order flow sentiment is  bearish'
 'hmhc s revenue and contracts mostly materialize in q when contracts are signed and as a result revenues are very lumpy must take a fy view'
 'ticker hmhcsector consumer defensive  education amp training servicesrs vs sector rs vs sp ud ratio base depth distance from breakout buy point volume  above its day avg'
 'have you looked at hmhc'
 'hmhc trading is easy when you have the right tools join hundreds of successful traders using the best trading platform online']","['our unusual options platform alerted hmhc with our scanner on  call expiring  worth k get ahead of the move with amp learn more about it on our profile today'
 'hmhc repeat bullish flow and  up after hours courtesy'
 'chart for hmhc free options app' 'chart for hmhc free options app'
 'houghton mifflin harcourt company traded m shares  above average volume hmhc'
 'hmhc most active call option jun calls see hmhc option chain'
 'hmhc houghton mifflin harcourt company option order flow sentiment is  bearish'
 'decided not to tender my hmhc shares ive checked out evercores valuation and its projections are using lower and notupdated numbers for fy ebitda est m act m tad disappointed in management for selling shareholders short  is a fair price'
 'hmhc s revenue and contracts mostly materialize in q when contracts are signed and as a result revenues are very lumpy must take a fy view'
 'hmhc strike expiration  call hmhcc price size time  pmpremium '
 'ticker hmhcsector consumer defensive  education amp training servicesrs vs sector rs vs sp ud ratio base depth distance from breakout buy point volume  above its day avg'
 'have you looked at hmhc'
 'houghton mifflin harcourt company traded m shares  above average volume hmhc'
 'hmhc trading is easy when you have the right tools join hundreds of successful traders using the best trading platform online'
 'hmhc july th post made people money as it was now were seeing daily tens of thousands of calls in playthis play is doneignore itat this point you would only buy long dated puts as maybe agreement failsleave arbitrage to firms']"
6,$DWAC,536,0.6040206489675516,0.4176756756756758,Negative,"['the longer the sec investigation of the chineseconnected dwac drags on the greater the chances of trump shutting truth social down are unless he can somehow find a way to make supporters pay to launch the site rather than himself end'
 'then theres the special purpose acquisition company dwac which was supposed to give him much much more money once it acquired trump media amp technology groupthat merger is stalled in the sec which possibly is why trumphis investors are slowwalking the truth launch'
 'having built web platforms my guess is the biggest reason truth continues to flounder before even launching is that trump doesnt want to pay for more servers and employees until he gets the dwac money'
 'dwac down another  under '
 'dwac down  in the past two months as price continues free fall mode'
 'musk news sending dwac down another  in premarket trading'
 'dwac under  digital world acquisition is not so worldly'
 'dwac down  pre' 'dwac  now'
 'parent dwac extends decline down  right now via' 'dwac back to '
 'just like that everyone abandoned dwac'
 'wish elon invested in dwac instead of doing a deal with the devil'
 'if trump is joining gettr what does that mean for dwac'
 'dwac trump hasnt posted on truth social in weeks because he believes the platform is not ready for prime time an advisor told the post speaking anonymously because of the sensitive nature of the topic'
 'dwac beautiful' 'nailed it dwac'
 'dwac  trading update plummets  extending the selloff after yesterdays  drop is million  of free float delivering  million in profits to todaysee more here'
 'dwac is down big i dont think trump is thrilled about this'
 'hostile takeover coming interesting macro effect on dwac']","['absolutely destroyeddwac'
 'fuzzy and funny dwac math  sreh built the mmx app mia gold mine divvys x   mi dwac'
 'ack i keep forgetting to short dwac lol i rotated watchlists and  well here we are'
 'and stock dwac crashed and burned never filed their  returning users dropped  and the is clamping down on '
 'trumps truth social is an even bigger humiliation than his other business failuresdwac'
 'dwac if it starts behaving like a normal spac could be under tomo'
 'the purpose of dwac and truth was to raise funding for this moment and whatever is about to follow seems to be a smokescreen meant to crowdsource interest and align any parties willing to procure the gambit there is no way elon is acting alone on this'
 'trade alert dwac p when under  levelentry contract'
 'im sure the year old man is itching to get his voice back dwac is dead'
 'including his own truth social oh wait we already saw that no one wanted that well before musks purchase of twtr and trumps financial partner dwac is sinking like a rock thrown in a lake no one saw this coming  said no one who was even casually paying attention'
 'didnt you leave twitter for good and move to dwac'
 'dwac down  in sessions sinceya just hate to see it'
 'musk news sending dwac down another  in premarket trading'
 'they had dwac which is currently in flames whats wrong with this party'
 'mj in play alert  ticker dwac datetime   price atr daily rvol beta  short float '
 'theres a huge movie in this dwac thing dwackos hear me out this is comedy gold the snl trump guy steve carrel as nunes the brazilian prince the mit genius scammer orlando musk pays himself are you shitting me it writes itself'
 'should i sell dwac then'
 'dwac one day itll be under  it has had a tremendous run'
 'dwac come on longs post your buys today'
 'dwac to  hahahahaha maybe trump shouldnt complain about censorship from twitter then actively censor users on his own platform']"
7,$AMD,673,0.5602290076335876,0.5172074468085106,Negative,"['amd reiterated with neutral rating at jpmorgan chase and co'
 'bryan mccormick on amd price slipping in premarket  may test to  area if this price behavior continues for more than a few days be the first to see bryans charts when you join the rebellion'
 'amd finishes down  to '
 'amd inside day with hammer reversal on watchlist'
 'amd the acquisition of pensando brings smartnicdpu capabilities to amds clouddata center solutions portfolio  jpmorganpensandos smartnic solution features a fully programmable packet processor and software stack that accelerates network security storage and'
 'amd daily inside bar watching break above for a move into the areawatching the breakdown under for a move to '
 'part of becoming a successful trader is having the ability to switch gears on a moments notice today we thought amd would have strength due to yday close however after the first m all longs we switched up the play and started going short purple ticks'
 'really liking amd for day trade and swing  setup daily rev on day if it stays inside week this week which it could if it continues up then we can see a u next weekthen a potential u on the month news with upgraded pt too'
 'amd coinmarketcap comng soon lsted'
 'totally missed amd buying pensando really thought this was going to be the next hyped silicon ipo so the aws nitro killer now lives inside amd'
 'analysts positive on amds amd  billion acquisition of pensando'
 'target achieved amd' 'amd minimum x please'
 'took some amd  puts filled at  to swing and possibly day trade nice bear flag on the min chart and more downside on the daily'
 'bullish on amd retest on descending triangle hit target on rising wedge which lines up perfectly with  fib level bounce on watchlist for tomorrow getting calls on signs of strength and volume'
 'amd downtrend breakoutbacktest then inside dayhammer  tomorrow and  by friday'
 'amd hammer candle off  support level c going for  right now over '
 'do pipo still trade theseamd'
 'amd settled  to  teal gap looks out of range considering main market daily momentum'
 'here comes amd  if that fails then  if it holds maybe a bounce back to top of the db around  its do or die here']","['amd textbook short today as well retested fridays pre market highs now at fridays intraday lows of  a break below and weakness in the tech sector could send us back to'
 'amd call for next week at '
 'amd damn sad to say but headed lower likely to break  tomorrow if not definitely this week'
 'amd this market fucking sucks past few months' 'amd low of the day'
 'amd puts triggered at target at stop at'
 'amd here is little secret didnt go on cnbc last week and say things were and are great if they arent so if the stock drops towards the  level on fed minutes tomorrow buy buy buylisa is a high cali'
 'amd advanced micro devices option order flow sentiment is  bearish'
 'amd tomorrow' 'amd loaded at today'
 'amd imo  end of week calls on place'
 'amd extremely bullish flow going into tmw  whale selling puts and buying calls all weekly over a million dollars total last minutes'
 'amd then hold my breath' 'amd would be nice today'
 'amd new low of the day while the nasdaq is pts off its low of the day'
 'yup i remember but looks like they pay more attention to some jackass at barclays blayne curtis who doesnt really even know the industry and where amd competes'
 'amd wont this rocket after er' 'amd patience pays literally'
 'amd want to make money look at clvs and read news breaking'
 'amd easy money at this price long hold']"
8,$SST,658,0.5776654275092936,0.4576077348066298,Negative,"['sst  trading update skyrockets  on huge volume trading has been halted several times for volatility is million  of free float cost to borrow on new stock loans hit a maximum of  so far todaysee more here'
 'it be like that bro it only gets better sst'
 'sst  to  in minutesholy fuck'
 'sst   we are now up  on shares alone since the below original tweet calls are up anywhere from  depending on the strike and expiration date lets fucking go'
 'sst  gt  per contract in minutesi sold almost all contracts alreadywow'
 'to the people who were asking me why i was pushing sst so hard calling me a pumper scammer etci hope you learned a lesson here i consistently provided strong dd behind my thesis day in and day out dd always pays rip the trolls'
 'sst the most ridiculous ftd  of float ive ever seen'
 'sst in the s pre market how we doing fam this puts a ton more calls into the money hopefully enough people exercise their calls to trigger this gamma squeeze i will be buying more shares and calls today cheers sst fam burn the shorts'
 'sst this isnt over' 'sst time to fly' 'sst  hasta momento'
 'sst cheers to everyone who was in this with me we went from under   for  gains on shares and anywhere from  on calls big furus will take credit but it was the small accounts that made it happen'
 'sst massive bullish call flow including a k block buy right before close shares are now up  ah to  putting all those  calls itm if price holds into open if you entered with me under  were up  and shorts havent even covered yet see yall in the am'
 'in my opinion today could be the day sst starts'
 'the best explanation ive read for why sst is special and why it will explode ive shared the numbers but this will help explain how all the numbers come into play to create the perfect play'
 'if youre in or considering getting into sst you need to read this reddit post whoever wrote this up did an excellent job'
 'sst volume was only m in commons but m in call premiums changed handswowzers'
 'sst up over  in the premarket  you guys catch this one with me yesterday'
 'sst halted up again at  now up  on the day'
 'sst now in the s my followers got in under  based on the below dd lfg']","['sst time to fly'
 'sst is the best squeeze play in a long time measly float  short interest rate to borrowm ftdsgaining hype on reddit and st of the float is in the money at the c'
 'sst and if this dip isnt enough of a gift the float is ultra thin'
 'definitely still holding some sst for the next leg up though rides not over yet'
 'sstnice coil break example ha'
 'sst  trading update skyrockets  on huge volume trading has been halted several times for volatility is million  of free float cost to borrow on new stock loans hit a maximum of  so far todaysee more here'
 'loving the volume sst'
 'sst halt  no signs of slowing down this may be getting away from the mms and shorts'
 'sst thanks for playing the halts heres whats left'
 'sst this consolidation is the most suspenseful thing ive ever experienced trading'
 'sst new life time high k call vol shrt grwth  trade ideas'
 ' drop on k shares into a halt i dont think its enough to kill where we are heading wicking down to  is a little concerning but it is only am could see this absolutely running today sst'
 'sst halt it up peeps' 'why system sst stock exploded today is it a buy'
 'sst individual security volatility trading pause halt time '
 'you thought this was over with  this aint over with lets keep dancing sst'
 'sst adding a few more in anticipation of a green min candle'
 'sst just exercised calls at  lfg'
 'sstall that you need to know shorts havent covered a single share'
 'wow congrats to those in sst that chart in hindsight was great for squeeze but i didnt watch it at all damnit']"
9,$AAPL,737,0.5433726937269373,0.48558100558659223,Negative,"['our heat seeker algorithm has identified bullish in aapl'
 'aapl worldwide developer conference returning in allonline format'
 'lots of volume in the aapl  call that expires this friday currently the most traded options contract today'
 'the market can be confusing but following unusual option activity makes things simplerecently we identified huge buying of aapl calls just before they soared find out what other uoa weve been watching and how to trade it todayregister'
 'developers conference returns in its allonline format will host its annual worldwide developers conference  in an online format from june through apple inc  will host a special day for developers and students at apple park on june aapl'
 'can aapl continue to alltime highs'
 'more than k aapl option contracts traded already  call  put'
 'aapl finishes down  to ' 'and u missed the rug pull aapl'
 'harrison ford to star in apple tv series heres why its a big deal for the hollywood legend aapl via'
 'apples  weight in the samp today is the largest weighting weve seen for any individual company going back to  aapl'
 'the iphone s released in at an average cost of  if someone purchased of aapl shares that year instead of the phone and never purchased another share again that investment would be worth roughly k today instead that phone is in landfill somewhere'
 'apples worldwide developers conference returns in its allonline formataapl'
 'thats a triple tap on aapl c  a lot lots of each'
 'aapl i want you guys and gals to think about flow if youre gonna use itso let me riddle you thissay this person decides to dump this position tomorrow what will come across the screen if you didnt know about this past flow how could you be affected by it'
 'aapl k flow with trades of contractsbig bull flow this afternoon'
 ' being earlyif you always think youre late youll never be earlyif you bought in  you still did wellif you bought aapl after the iphone you still did wellwhen it comes to the best opportunities in life you can get in late and still make it big'
 'an aapl whale has entered the chat m otm call order just hit the tape'
 'sweep aapl   puts for  spot volume oi iv premium msector technology'
 'apple inc  will host its annual worldwide developers conference wwdc in an online format from june through aapl']","['aapl the vr headset should be first later this fall is my guess'
 'automated hourly aapl sentiment report     product series reviews     general products  company news  social media   utc'
 'aapl this weekend i mentioned to watch a move over for a quick move towards  and today we exploded and hit my targets so far looking very good with rsi  has room towards next if over its this week'
 'hey you guys wanna sit on boardaapl also needs adult supervision'
 'aapl still the main character hereneeding to hold that for the bulls'
 'whistleblowers accuse each other of harassment and stalking aapl'
 'dark pool printsymbol aaplsize k sharesprice total m'
 'apples wwdc will kick off june and be online only aapl'
 'rainbow six mobile from ubisoft aims to bring the true rainbow six siege experience to ios and android aapl'
 'aapl exit'
 'aapl trading is easy when you have the right tools join hundreds of successful traders using the best trading platform online'
 'aapl news apple aapl appstore growth accelerated in march evercore isi reiterates outperform'
 'apple reveals five upcoming apple arcade games including moonshot prune construction simulator  pro snooker amp pool  and sonic dash aapl'
 'aapl partial picture and full picturethis is why partial flow is dangerous'
 'aapl strike expiration  put aaplp price size time  ampremium '
 'aapl watch out for   power hour'
 'aapl been seeing a lot of bearish posts and target price per share but they are never ever right week coming up soon i remember bears saying it wont break before the last splitwere about to break it again'
 'if youre not going to make it work for you then at least invest in aapl'
 'aapl   yesterday in minutes priority alert hit magnitude'
 'yup lets all sell aapl because it has b debt outstanding lets ignore the annual cost of that debt when determining whether the company can manage that debt balance']"
10,$AMZN,335,0.6005443548387097,0.5036534653465347,Negative,"['breaking  amazon amzn signed the biggest rocket deal in the commercial space industrys history for up to launches of its project kuiper internet satellitesthe contracts are worth billions in total for ula arianespace and blue origin'
 'amzn plans to launch its own series of satellites into lowearthorbit a move that signals looming competition with spacexs internet service'
 'you already get everything from amzn why not internet too cnbcs reports on the ecommerce giants plans to launch broadband satellites and take on rival elon musks starlink'
 'amzn has signed a deal with blue origin arianespace amp united launch alliance for up to launches of its project kuiper internet satellites'
 'limp amzn kuiper team had an epiphany in designing the customer equipment ie terminal and have been able to get the cost of that well under i actually think we can go lower'
 'amzn is venturing further into space signing an launch deal with the united launch alliance  amp for its project kuiper internet satellites devices amp services svp david limp joined to discuss'
 'amazon amzn will use jeff bezos blue origin and other space companies to begin launching thousands of satellites into orbit and transmit highspeed internet back to earth'
 'amazon is stepping up plans for a proposed spacebased internet service to compete with spacexs starlink buying dozens of rocket launches to put satellites in orbit amzn'
 'apparent hackery  and youre not going to like it amzn' 'amzn   put'
 'amazon amzn was sustainably operating profitable at b annual revenueswhy exactly does it take home delivery businesses tens of billions worth of sales to be fake profitable ie adjusted ebitda positiveindustry cohort currently b sales for b operating loss'
 'amzn  pre amazon signs massive rocket deal with firms including bezos blue origin to launch internet satellites  cnbc'
 'amzn looks like its forming a hamp on the hr chart'
 'i want something like this that isnt amzn chinesium'
 'amazon amzn announced today its signed deals with blue origin  united launch alliance  arianespace for up to launches of its project kuiper internet satellites according to cnbc'
 'what does amzns big rocket deal mean for other players in the  explains'
 'amazon manager who led earths best employer push is leavingpam greer oversaw focus on employee welfare amid labor unrest amzn'
 'a bullish candlestick pattern is found just below a resistance in amzn'
 'ive recently sold my amazon amzn shareshere i tell you why'
 'join our space as breaks down amzns kuiper rocket deal and what it means for the future of space']","['amzn gain trimming'
 'amzn they wont be able to fluff q numbers its going to be bad cant justify x in this environment without massive growth the stock split and buyback was meant to soften the blow'
 'amzn i think were going to have a brutal oil pattern going into close'
 'amzn has crossed below and error retrieving data check manually for the m intverval m'
 'amzn now' 'amzn big drop from  runup'
 'amzn shares increase by  the apr option straddle is implying a  move in the next days'
 'amzn how far do you think this sell off will go anyone have any data on how big the write down will be for the rivian holdings bwhat is the prospect of positive earnings this quarter any plans on how to avoid unionization based on how employees are treated'
 'the ceo of amzn made  million last year thats x more than the average median workers salary  yeah id probably want to unionize as well lol'
 'amzn not today'
 'the investment will be enormous for both for amzn kuipercombined flights up to launches total are set to take place over a fiveyear period and will allow project kuiper to launch the bulk of its planned constellation of satellites launches  sats'
 'amzn looks like its forming a hamp on the hr chart'
 'amzn amazon announces up to satellite launches for project kuiper'
 'amzn option to look at  call for friday june   roughly million dollars massive money learn more on stockorbit link on profile'
 'amzn awaiting buy signal free trial at'
 'i am waiting when he buys  on amzn and pisses bezos'
 'amzn amazonsigns rocket deal with blue origin arianespace ula for project kuiper internet satellites'
 'amzn keep on radar break of that support line on brings a lot for you make sure you  we are bag holding some  p will tell now'
 'amzn whatever price you have paid they are going to be worth more than a share come the end of may if it reaches'
 'amzn waiting for short signal on amzn register for day trial access at ']"
11,$NVDA,341,0.6463061224489797,0.4771756097560976,Negative,"[' launches computing platform for medical devices and computational sensing systems nvda'
 'develop breakthrough networking security and data storage performance with doca apply now for early access nvda'
 'processor architectures includes  making a reality for  nvda'
 'nvda price working off the ath anchored vwap as the macd initiates a bullish cross on the weekly'
 ' collaborates with to reinvent the shopping experience by improving logistics and ensuring freshness with stateoftheart enabled applications amp services nvda '
 'download free guide steps to getting started in  nvda'
 'platform supports fleet command to securely deploy manage amp scale models across distributed devices'
 ' lays out their vision' 'nvda is at the lows down over '
 'nvda finishes down  to '
 ' is most important tech company on planet says financial analyst nvda'
 'why are flourishing in the leads the way nvda'
 'brings compute power to where data is collected delivering realtime insights explore top considerations for deploying at the  by nvda'
 'who wants a free nvda ti with bull trades gear'
 'nvda ddnvda is holding up but has yet to break through making that resistance strongerif nvda can reclaim expect a move to a close over and the door is open for a test of june nvda calls continue to be boughtflow'
 'i just finished watching s gtc  there are at least videos that need to be made about it ive never been so bullish on the future nvda'
 'nvda hourly chart i often say to my students that the hamp top is not that realiablebut when it forms and breaks it is to be respected'
 'bought nvda c for' 'reports of my death were gravely exaggerated nvda'
 'nvda calls now about getting some legs']","['i feel like your forced to do a nvda dd john'
 'nvda we break this volume shelf bears are going to eat'
 'nvda bsing smh pick a direction'
 'nvda calls now about getting some legs'
 'i got nvda call on my personal account stop lod target '
 'flow room these are not alerts nvda   puts boguht x above ask '
 'got a broken hamp on the hourly chartif this is not a fake out bears will feast nvda'
 'if nvda cant hold  level can see  soon'
 'beep boop heres what i found for nvda date  total call volume k total put volume k most traded  c kam i a good bot'
 'should have trusted my nvda short pretty good weak structure shortdidnt trust need more study'
 'we will flourish with these nvda calls and bathe in our graces and gainsjust gotta give it time'
 'nvda k prem dte despite the sell off today  have some bullish flow coming in on this onecredit'
 'nvda hralthough this is a big gift no reason to rush in'
 'nvda waiting for buy signal on nvda register for day trial access at '
 'nvda if this keeps it up well be testing  soon'
 'nvda betting on a green day tomorrow every time the markets sell off we get a bit of a recovery plus yesterday we outperformed the market so todays underperforming the market was a bit overdone imo'
 'clean and pretty nvda'
 'nvda  nvidia stock forecast what to watch for after gtc event'
 'nvda nvidia option order flow sentiment is  bearish'
 'taking nvda long here i like the riskreward stops at ']"
12,$TLRY,515,0.5591446280991735,0.4592451923076923,Negative,"['we are thrilled to share that is now officially the th largest craft brewer in the us  cheers to the sweetwater team learn more tlry'
 'we are excited to announce the launch of solei bites first foray into edibles and the first ready to eat thc edible available at the socit qubcoise du cannabis sqdc quebecs sole legal retailer for cannabis products details tlry'
 'solei brand launches the first cannabis edible available in quebec  toronto sun tlry'
 'schumer says hope to act on marijuana bill soon talks underway  tlry'
 'tlry reports before the open tomorrow estimize consensus  eps and m revs compared to ws '
 'tlry i will say this about tilray earnings it usually pops regardless of outcome'
 'tlry is down over  today' 'tlry  otm calls swept'
 'tlry  solei brand launches st cannabis edible in quebec' 'tlry on watch'
 'tlry if post another earnings positive quarter tomorrow we could see a run into double digits'
 'how are sales of tlry in malta gonna impactyour emotions are always on full display sadly not in an intelligent manner whatsoeverthat aside if you go back and look at most of tilrays financials release dates youd see how they do affect the sector use your brain'
 'stopped out on tlry for about  account loss'
 'tlry single purchase of million shares at '
 'tlry tilray stock is under the microscope ahead of earnings heres what to expect'
 'tlry so excited about earnings tomorrow i called off work if this rockets i might just draft a resignation letter good luck bulls'
 'tlry chuck says talks are underway and they hope to act on the bill soon'
 'tlry think tomorrows our big day boys '
 'in case you missed that massive volume spike of buying huge earnings play alert  bullish trade alert green flag tlry'
 'wow it did pass hmm must have been after i stopped watching because of so many recesses medical research act passed with a  you can clearly see legalization has bipartisan support now we just need to get them to agree on how at the tlry']","['tlry tomorrow pm earningsshortet af  mio shares short  short borrow rate days to coverbill of legalization passed fridayif we beat earnings this could give us a big squeeze the next days and weeks imo'
 'who else is in love with tlry' 'tlry yooooooo what happened'
 'tlry hope this shitty market prives me wrong and we explode tomorrow lol probably will close tomorrow at '
 'tlry what a dog' 'tlry last bear out loses their money lol'
 'tlry im finna call elon and tell him to buy up some shares standby'
 'is tlry going to  now' 'tlry fake pump' 'tlry lfg'
 'tlry est eps  rev m net income m good luck'
 'tlry i have k shares and will hold it whatever happen but my guess is trrw premarket'
 'tlry best room on the net stay turned' 'tlry going up'
 'tlry tomorrow is er pre market or after hours'
 'tlry vix is driving the market volatility possible reversal here this is the support zone from the  push maybe next push will get to  added'
 'ill add more tlry to my long holds if it drop under  again'
 'tlry  solei brand launches st cannabis edible in quebec'
 'tlry is anyone holding above ' 'tlry added more puts on that pop']"
13,$NFLX,145,0.527949019607843,0.43378333333333335,Negative,"['this is a classic case of the publics excitement and a stock price running faster than the underlying company can get their technology up to speed a similar thing happened to nflx soon after it came public or years before it got lasting legs in '
 'a netflix with ads the streamers position has crept from never to never say never and wall st thinks theres  bil in ad revenue left on the table and i talked to industry pros about what it would takeand if its worth it nflx'
 'nflx looking like it might make a run for the gap above'
 'brilliant movenflx'
 'building an adsupported tier would only take months techwise several avod execs told us one highranking source told me that there are two key signals thatd truly indicate netflix getting more serious about ads more on that here nflx'
 'nflx  hpotential for a pullback before next leg up looking for '
 'nflx short films coming'
 'nflx inverse head and shoulders formation on the daily watching the level for a break over to if there is a continuation before nflx usually runs then dumps its gains the next day so watching for downside level'
 'nflx ads would be shit its an admission that their tam is limited ex us its a if its required even jn em the business case has always been obvious'
 'nflx m pennant' 'nflx on big watch today' 'why he is buying nflx'
 'nflx about a million bullish out of the money earnings play earnings on  this was april c contracts a lot of which came in at the end of the day theres very little on the put side so far'
 'in nflx calls that expire this week check out the option volume traded'
 'nflx  calls alert received on strike for expiration  with total premium of k total orders   oi  '
 'nflx  calls alert received on strike for expiration  with total premium of k total orders   oi  '
 'nflx k prem dte  some red flow coming in'
 'if nflx sells ads the entire space is uninvestable'
 'todays call nflx pile up you may see s range sooner'
 'youre essentially saying nflx is gonna let themselves get disrupted the same way the disrupted legacy media how do you not see how dumb that is lol']","['nflx option to look at  put for friday april   roughly thousand dollars learn more on stockorbit link on profile'
 'nflx wanna see a tap at and a push above' 'nflx tom'
 'in nflx calls that expire this week check out the option volume traded'
 'nflx   is next resistance and much possible before earnings'
 'nflx is favouring to be correcting the entire cycle from the all time lows further downside is still favoured at this point there is no trade to take'
 'what is your sentmiment on nflx this week ' 'nflx m pennant'
 'are you still holding any nflx shares'
 'nflx even if you take yesterday wild swing up out of the equation price is still up from last fridays finsh of and today we finish at  today obviously'
 'used to be a big time stocks guy saastech only once i started getting into crypto it consumed me and you then kind of cringe seeing the stuff you used to spend min readingme from a year ago would have read whether nflx should sell ads useless information'
 'nflx wont sale anything to no company if they want to offer ads they will just offer ads support stream'
 'nflxnew insider filing on netflix incsdirectorstrive masiyiwa'
 'tight credit put spread on nflxsell april  putsbuy april  putscollect about  per contract'
 'nflx triple top or do we get that sexy inverse hs breakout tomorrowwl '
 'nflx flow looks interesting  strike  what do ya think  it doesnt capture er date though'
 'first an advertisingsupported or subsidized tier would expand netflixs subscriber base which is not only good for the companys longterm growth prospects but also competitive position when it comes to acquiring content on nflx'
 'nflx has crossed below and error retrieving data check manually for the m intverval am'
 'nflx is the target tomorrow'
 'nflxnew insider filing on netflix incschief communications officerrachel whetstone']"
14,$QQQ,891,0.5536803797468355,0.505313432835821,Negative,"['qqq intra day thoughts'
 'i initiated a qqq short late yesterday we will see'
 'covered some qqq in the hole' 'on why i shorted the nasdaq qqq'
 'i covered the balance of my qqq short rental at  just now'
 'qqq nasdaq min on ema cloudsdifference between yesterday and today where is the trend min  will tell yourest vix will tell you combine both to trade callsputs on qqq spynewbie option traders should stick with these both'
 'qqq bears are out in full force this morningmillions worth of otm puts hitting the tape'
 'the qqq lost important support lines so far today'
 'qqq below recent low at would represent roughly  drawdown from monday could be a good spot to start buying if this recent mcclellan signal is right'
 'rising broadening wedge in qqq a bearish pattern'
 'qqq is back in stage  the bullish case would be for more leading stocks and leading sectors to emerge and for the indexes to firm up here the bearish case is a breakdown back below a declining week ema and transition back into stage '
 'my thesis is simple the fed is tighteningending qe qqq benefited the most unequally from covid which is now over high flyers crashed first big names are next'
 'qqq beautiful rejection from our level and heading towards our  area'
 'still seeing a lot of improving trend momentum in techgrowth sma reclaimssma crossessmas turning upbullish weekly momentumthe moves could be volatile with fomcyields amp wont be straight up but many improving signals in the sector stops on all if not qqq'
 'unless something miraculous happens in next minutes looks like the break of two weeks of sweet spot qqq'
 'weekly shows the struggle sma qqq' 'qqq needs to catch up to the tip'
 'whos ready to trade options with me tomorrow qqqtoday we hit nice playsand a and we took one losslets do it again tomorrow'
 'if your furu told you to long today give them an unfollow qqq bagger in tae as explained in live voice room confirm'
 'qqq analysisfailed to continue upwards today now testing the key level which is oh so important to hold']","['qqq dont expect any bounce strong selling'
 'qqq call flip getting paid scales off possible lh here'
 'qqq no trading just selling algos' 'qqq stopped out'
 'qqq testing fridays close'
 'qqq bearish reversal at resistance level ylo  minute '
 'qqq wowbears got crushed again at open'
 'trade small in the first mins of the market you dont want to start your day out with a big loss if you are wrong qqq'
 'qqq keep april daily on the qqq for a demand zone'
 'qqq strike expiration  put qqqp price size time  pmpremium '
 'qqq same for this one slowly scaling out'
 'qqq purely by looking at options is plausible'
 'qqq fuck a wealth gap let the rich get richard'
 'qqq strike expiration  put qqqp price size time  pmpremium '
 'qqq its had its minutes of red today back green we go'
 'qqq one direction when ab calls it'
 'platinum vip members our qqq puts from yesterday now up  for the day'
 'qqq apr puts up '
 'price moved away from level overnight and below the prior close bearish bias today caught the meat of the morning move down against the open qqq'
 'did i said something about th april one week in advance and qqq  time to make some money my friendly neighborhood bears ']"
15,$PLTR,284,0.5588108108108109,0.49913157894736837,Negative,"['getting official confirmation yesterday from that pltr is helping  he also elaborated on helping the west on the war in ukraine weve known about bmw for awhile through various forums its always nice to have it publicized'
 'pltr like i said a few weeks ago i cant be bullish on this stock unless we break above  extension which is also likely to be confluence with the ma looks like a great bear flag to me that will head lower for w'
 'pltrpalantir begins the month with new patents coming off of granted last month you can view them below'
 'pltranother day another new patents'
 'pltr push in france the new blog article could be a hint things are moving has a dedicated french website but still not updated to the new layout palantir france you for sharing'
 'pltr in ukrainewe really mobilised our entire company against the invasion in ukraine tasks support refugees operations gtfood bedsprovide military insights from satellites gtsatlmanage corporate supply chain gtbmw partsty'
 'pltr seeing stuff like this from means a lot to me teaching the short years i did in special education taught me lessons ill never forget'
 'pltr the fund alleges that morgan stanley and a senior executive there leaked information ahead of the funds sale of more than  million of palantir shares in february  manipulation at its finest uh'
 'pltr c  call buyers still in their calls'
 'pltr added some more shares at  and  today lets go pltr'
 ' a play today for the alumni pltr for  remember a means key level broken and confirmed vwap gt ema gt ema for puts scooped this up early for a big winner'
 'pltr news palantir satellite with satellogic puts data software in space  bloombergthreading  ma bull flag'
 'pltr  stock based compensation has bn yes billion still unrecognised sbc mn rsu in y mny mn options in y mnygtmn sbc at least in   of revenuesno fud just accounting be awarety for hint'
 'pltr form filed after hours for alexander moore moore sold shares pursuant to a b plan moore has sold novel amounts monthly since direct listing and is considered a founding member of the company he still holds mm class a shares'
 'breaking the podcast w is available am gmt wednesdayonly on spotify amp youtubekris has majorly underrated knowledge in relation to the healthcare scene amp data utilisation i learnt so much during this podcastpltr'
 'pltr forgotten product foundry can facilitate mergers amp acquisitions for instance foundry could aggregate  erps and crms within weeks now less and uncover untapped sales opportunities this process typically takes  years and lots of consultants'
 'pltr breaking out on the daily look for for a push towards next'
 'pltr on the verge of a pretty significant run higher as prices carve out a potential double bottom on the weekly timeframe and close the gap from january renewed focus on defence spending globally may prove to be the catalyst behind a climb back to the ma'
 'palantir pltr sub  before earnings  chart on'
 'i may or may not buy more pltr shares this week']","['pltr  stock in good time let it marinate dont need the money now anyway shares'
 'pltr shorting to  fair value'
 'pltr fucking piece of crap stock rugpulling back to again'
 'pltr form filed after hours for alexander moore moore sold shares pursuant to a b plan moore has sold novel amounts monthly since direct listing and is considered a founding member of the company he still holds mm class a shares'
 'a lot of open interest for pltr for january pltr   march'
 'pltr thats some option play by susquehanna international group llp too bad we dont have the details on strikes'
 'pltr buy the fucking dip month chart couldnt look better'
 'pltr tomorrow another  down normal pltr' 'pltr forget me not'
 'pltr haha bears quiet as mice for a week a small pull back and this is a turd lol'
 'this is a puff piece why should i buy pltr seems like everybody on fintwit is bullish bad sign'
 'pltr palantir is presenting space symposium today'
 ' a play today for the alumni pltr for  remember a means key level broken and confirmed vwap gt ema gt ema for puts scooped this up early for a big winner'
 'pltr all yesterdays gains lost now lets retrace last weeks gains while we are at it still two hours till close and then ah you can do it slow and sturdy'
 'pltr like i said a few weeks ago i cant be bullish on this stock unless we break above  extension which is also likely to be confluence with the ma looks like a great bear flag to me that will head lower for w'
 'thats great yes both your and s tweets have encouraged me to study more about covered calls i am still learningoverall i am long pltr next  years'
 'pltr shes goin down' 'pltr yesterday we broke out target green line at'
 'lol pltrhitting the levels right out the gate'
 'pltr in profit be smart this may be easier for scaling out as volume is higher']"
16,$FB,479,0.5573347280334727,0.5177772511848342,Negative,"['fb price target raised from  to  at ubs'
 'fb instagram cuts payments to influencers for short videos'
 'fb so far so good with price continuing the monthly move off support'
 'fb reiterated with buy rating at ubs price target raised from  to '
 'fb adding ability to share reels from thirdparty apps'
 'meta stock  fb stock  investor alert meta platforms inc class action fb stock news alert'
 'twitters utility as a platform far exceeds its market value the problem is twitter s cashflow and product innovation and monetization efforts have been super disappointingfb would buy it if not for antitrust mark literally called it a goldminegreat pickup by'
 'instagram cuts influencer payments for short videos  ftfb'
 'my  word deepdive on meta platforms fbsubscribe to my newsletter for free to receive a monthly writeup'
 'facebook introduces sharing to reels with third party apps fb'
 'fb pt raised to  at ubs ahead of q earnings print'
 'facebook introduces sharing to reels with third party apps fb'
 'its true that you can look like a genius when you post you success stories but meantime back at the ranchmy fb was  down years ago id just hold but buying the dips now its  downthe point is not to quit but to learn and watch what better investors do'
 'fb high watch off this rounding bottom watching break above for a move into the s then that point move to the upside in tat huge earnings gap'
 'not a bad headline for meta fb'
 'facebook fb owned instagram is reportedly cutting influencer payments for short videos  ft'
 'you guys asked for it  fb analysis threadreally intrigued and excited to trade this name over the next few weeks'
 'facebook introduces sharing to reels with third party apps fb'
 'meta publishes ngo report on plan to expand encryption fb'
 'instagram cuts payments to influencers for short videos ft fb']","['fb long'
 'this is a great great quote right now my whole portfolio feels this way fb'
 'fb green on red day seems to be a good swing candidate'
 'bought back the short side on fb cds'
 'fb  from these calls today very quickly becoming one of my favorite tickers to trade again'
 'ate that fb dip cheap entry for s'
 'fb dont miss the next free option chat in a few hours'
 'my  word deepdive on meta platforms fbsubscribe to my newsletter for free to receive a monthly writeup'
 'fb pamp' 'not a bad headline for meta fb' 'fb soon'
 'fb so far so good with price continuing the monthly move off support'
 'fb holds intraday this has more upside'
 'instagram cuts influencer payments for reelsfb'
 'fb they will hike rates by  in may guess what if you arent profitable you are dead'
 'fb huge power '
 'fb data center stocks are cheap and attractive right now'
 'double bottom forming on fb'
 'fb meta platforms option alert fri  calls sweep  below bid vs oi earnings  after close est  visit website amp start using whale movements in the options market to get ahead of others'
 'fb  alert premium technicals uoa rank uoa activitymassive aka jan c bought p sold in block of']"
17,$BABA,261,0.5446188679245283,0.5263027027027027,Negative,"['baba price emerging outside the longterm descending channel'
 'baba new and interesting algo signal that broke previous range looks decisive'
 'baba dd  top watch minute  bullish pennant formed looks like it really likes to gap up and then follow with a big red candle would love to play this one off the opening bell or a trend breakout'
 'baba huge jump from the lows but can the run continue as it approaches the sma green line it is proving to be a resistance next few h candles will be important and can decide its movement for the rest of the month'
 'baba with a double inside candle on daily the chinese market is closed today due to join our discord for more'
 'baba inside day within bull flag snugged up against top trendline on confirmed breakout id target  aggressive  c swing  c '
 'unusual baba call sweeps coming in back to back last days mostly targeting   calls stock now '
 'it is astonishing for many to watch what is happening in shanghai a metropolis of million at a time when most countries in the world are trying to put covid behind them it seems thatauthorities are determined to view omicron as deadly as previous variants baba'
 'baba monthly monthly hammer last month'
 'in the group live analysis session today talked about baba favouring the long term low is struck it is now pulling back against the low before again resuming higher'
 'baba so tomorrow should be oktoaudit day'
 'cant wait for chinese markets to pump baba in after hours'
 'baba this just follow american growth stocks but dumps harder when it dumps and goes up a little less when higher needs to change soon'
 'guys hear me out invest in baba as a proxy to the success of china'
 'baba i dont think anyone wanna vs billions i rather stick with billions side its very simple math i dont care the market can go upside down but this will shoot up'
 'baba nice little coil belt there  months news flow changing can it fill that gap is it can break range it will till then we stay and wait patiently i expect to break very soon'
 ' baba just nice consolidation there when it moves it will make x plus just be patient and extend trade smartly'
 'baba what do you think'
 'babaignore the neatness lol but this is what i am expecting similar coil and  days of move up to  it wil make us wait but decay is not that bad and its getting firmed up  patience willpay here be smart how expose and extend the trade'
 'baba sitting chill all weeks out  baba moves all turns green goes we make k  this is realtively smaller exposure for me  so just understand that part and dont expose too much']","['baba it looks like all chinese stock will be up pretty big tomorrow this will be the winner'
 'baba too a lot of shady people with access and sec could not do anything about it'
 'baba dont miss the next free option stock crypto chat in a few hours'
 'baba niiiice stuff' 'baba in china is very auspicious number'
 'baba trading is easy when you have the right tools join hundreds of successful traders using the best trading platform online'
 'and those weekly march baba calls millions and millions of calls bought ahead of buyback announcement pretty disgusting how sec couldnt do shit'
 'baba  tomorrow' 'baba weekly timeframe'
 'baba strike expiration  call babac price size time  pmpremium '
 'baba would be ignorant to disregard the explosive setup on the long side'
 'alibaba group holding limited traded  below its dma and  below its dma baba'
 'baba hr view from  weekend update calling the decline after iv red recovery completes'
 'baba check out this chart i made with'
 'i havent honestly taken a look at it  im happy to get into baba for anything sub at the moment that could always change but for now'
 'baba is hk closed tonight' 'baba massive sale a few min ago love it'
 'baba price emerging outside the longterm descending channel'
 'will we have ragrets baba' 'baba china owns it all']"
18,$VIX,263,0.48156249999999995,0.4897876712328767,Positive,"['current market themes for april commodities fall dollar in a range to down yields easereverse lower stocks rangebound to down vix may go back toward'
 'scott bauer breaks down the vix and its relation to '
 'i called the bottom vix' 'this nightmare could end tomorrow vix'
 'reminder fomc minutes are released tomorrow hedge funds are beggining to hedge with the vix however much less hedging has taken place compared to the march fomc'
 'vix m call split hitting the  contract strike opening position unusual'
 'vixwatch vix to fade under if buying dips into power hour on large caps'
 'vix is in full erection mode' 'wild vix' 'kansas bear flagging like vix'
 'on vix just its impossible to time'
 'jay please put the balance sheet on auto pilot reduction vix'
 'my vix  volatility and samp indicators suggest we are near or at a short term top for the recent market bounce'
 'beautiful vix'
 'vixgave us the warning sign again in my private feed looking for spike in volatility and mkt sell to come if vix held our  demand zoneheld to the tickvix  sincemkt dump'
 'you can ta the vix its just painful'
 'vix dailylost the tl support from novbearishmacd right at my exhaustion line from dec  but it could always go lowerwell seestoch had a small pulse but now subsiding amp still under linebearish could retest that tl s but ultimately looking for s soon'
 'today on  host is joined by kathy donnelly  to talk a very down market with only the vix and usd up on the day see it live at pm et on '
 'vix up  today your bear flag doesnt mean anything'
 'so without a proper catalyst vix upside is limited in the first inning i just play the small bounce sell vix puts short samp then when volatility of volatility rises i create more creative structures such as spreads ratio spreads time spreads ext']","['vix strike expiration  call vixc price size time  ampremium '
 'got the vix going up on tuuesday'
 'the yield curve suggests high volatility for the foreseeable future vix'
 'vix this is just getting started dont be shook to see vix at be next month'
 'vix killed the charting star' 'vix looking good for bulls' 'vix long'
 'another thing to note is vix m fully bottomed cycle while m was gapped emagtema this m pullback allowed the hr to break above line keep in mind rsigt  gtema for the m chartrsigt  gtema for the hr chart'
 'brought to you byyour local vix crushas'
 'now thats what i am talking about beardy not that i want to see dozens of back to back green candles on the vix but would feel better if it went back to some sort of normalcy'
 'vix crushas arrived'
 'today on  host is joined by kathy donnelly  to talk a very down market with only the vix and usd up on the day see it live at pm et on '
 'lets hope so my daily chart confirming getting close to bottom of zone vix'
 'why nightmare you are long the vix'
 'vix strike expiration  call vixc price size time  pmpremium '
 'vix strike expiration  put vixp price size time  pmpremium '
 'out at  vix broke ema to downside' 'vix smashers'
 'vix strike expiration  put vixp price size time  ampremium '
 'vix strike expiration  put vixp price size time  ampremium ']"
19,$SOFI,207,0.5724380165289257,0.526875,Negative,"['sofi offering  apy for direct deposit users'
 'sofi strong with potential to head up higher'
 'sofi moffettnathanson initiates coverage on sofi technologies with buy rating announces price target of '
 'anyone else see the  apy in their sofi checkingsavings accounts this morning thank you for continuing to push the standard higher for banking'
 'sofi apy confirmed with direct deposit'
 'launches  apy for direct deposits and no fees checking amp savingsearn  when you sign up for the direct deposit on a roll sofi'
 'analysts were skeptical about sofis  savings apy x mean being a temporary marketing tool postcharter to juice membershipits now  this is the stopshop in action more crosssell  more ltv  more flexibility to profitably differentiate wperks like this'
 'sofi the recent acquisition of the technisys platform combined with their bankingasaservice division galileo will provide an endtoend vertically integrated technology stack using industryleading apis'
 'sofi  moffettnathanson starts sofi technologies at buy with  price target'
 'sofi using estimate from last quarter actual download vs sensortower downloads at  using same estimate we are looking at k members total so about m users is my estimation lets see where it comes in at see below sheet on tracking'
 'sofi announcement from noto himself on  apymore good things to come'
 'new  pt for sofi'
 'sofi stock to watchstill in a downtrend since the large double top but creating a potential basenot much buying pressure but forming a descending triangle look for a bounce at  looking for a lt hold at  need to see a break out for a rally'
 'looking like the student loan moratorium will be extended amp that would be a sofi revenue hitif extended through  i think itll be a m headwindits been able to execute anyway to date but student loans  its largest amp most profitable segment'
 'sofi sensortower data shows k download for q'
 'sofi moffettnathanson analyst eugene simuni initiates coverage on sofi technologies nasdaq sofi with a buy rating and announces a price target of '
 'sofi breaks  for the th time'
 'sofi are we going to just keep extending it every couple months leaving borrows unsure of whenif theyll have to pay again or are we ever going to make a final decision once and for all'
 'this got me jazzed up cant wait to see this start to materialize sofi nice clip'
 'sofi strike expiration  put sofip price size time  ampremium ']","['point to watch for is  then sofi'
 'i bought puts so sofi should stop going down now youre welcome'
 'sofi sensortower data shows k download for q'
 'sofi chart vs nasdaqs chart today'
 'sofi waiting for buy signal on sofi register for day trial access at '
 'sofi sofi technologies initiated with a buy at moffettnathanson and a  price target'
 'sofi dont miss the next free option stock crypto chat in a few hours'
 'added another k sofi down here'
 'sofi upgrade nasdaq down points like clockwork'
 'what are good sofi accounts pumper accounts you mean'
 'here is a sofi news  chart update'
 'sofi the extension was publish on the app and on  but they have not mentioned it on tv i hope they skip it so it holds '
 'sofi makes under  a month from me in interest lol idk why they gave me free money'
 'this a great long term hold sofi'
 'sofi offering  apy for direct deposit users'
 'sofi to and i eat steak and lobster'
 'not to brag but i am getting  on my checking sofi'
 'my prediction is that becomes a dominant force in the personal finance sector while establishing its moat through unmatched maneuverability compared to the legacy banking system sofi is the personal finance solution for a digital world'
 'waiting for that sofi spec to get back to '
 'thoughts on sofi with student loan payments to begin on may st']"
20,$TEAM,20,0.5505384615384614,0.6418297872340426,Positive,"['do you know teams management system is proprietary and scalable and economies are at the core of our vision a variety of pe and metaverse will be developed using valuable team'
 'did you knowyou can underutilised game assets to team dao and receive wteam in returnhold wteams and earn passively andor stake it for decent aprkeep an eye out the wteam marketplace launch is the beginning of the revolution is bringing to gaming'
 'have been building strong for a while now team ido is drawing closer as it will be held this monththe marketplace is close to completion and will launch very soontake a look and '
 's wteam team scholars and game assets are wrapped in an nft to become tradable esports players  wteam nfts which generate income automatically for wteam owners and the daostake wteam with a potential  aprwteam marketplace launching in april'
 'x min is my target on team after the ido  major cex listing scheduled for late april is revolutionary with its proprietary scalable solution for guild managementthe and economies are at the core of teams vision as they build the guild '
 'team is totally a boom as it seeks to not only maximize fun but also profitability with its high roi systemscalability flexibility amp quality are the three key solution it offers which gives it an edge over other gaming guilds'
 'right now i can only recommend team my newly discovered favorite asset whose development team has been hard at work implementing strategic featuresin here even the lowest quality axies are still used to maximize roi'
 'teamcurrently gaming guild is at the top of its gameusing ingame training andrewards to motivate players and allow many to fulfill their living expenditures a new model was bornare you still puzzled about it read this'
 'team work loving this bottoming action'
 'teamshares closed above shortterm resistance at  and now face resistance from early march at  the stock remains below its day moving average of '
 'atlassian corporation plc  class a  team  price at close  is '
 'buy team when it goes liveim looking forward to this next generation gaming guild and marketplace which will be a fantastic endeavor'
 'not only one but a lot of will go parabolicim a big fan of team and i think you should look into itteam is an erc token that acts as an aggregator for team daos participation in amp economies as well as a revenue generator for token holders'
 'in my case its teama place for people who want to play games people who believe in the  and asset managers to deeply engage in the new economythrough the dao gamers and investors may obtain the best roi in the business'
 'i dont think team will let you downholders of the team token can utilize it to create and vote on governance ideas that assist move forwardteam token ido is set to launch this month with whitelisting information to follow shortly'
 'teamthe management system of is proprietary and scalable at the heart of teams vision are and economiesan assortment of pe games and the metaverse will be created with valuable assets on it'
 'team down  after dark pool prints buying opportunity'
 'im looking forward to the next big pump from team since i can attest to its techenabled community and hyperscalable onboarding amp training systemthis ecosystem growth amp solutions are to be reckoned with since it provides a better solution for the gaming guild industry'
 'team profit factor of and trade win rate of  trades executed buy signal in place chart by ultraalgo'
 'stocktwits trending alert trading recent interest in atlassian corporation plc class a ordinary sharesteam']","['atlassian corporation plc  class a  team  price at close  is '
 'buy team when it goes liveim looking forward to this next generation gaming guild and marketplace which will be a fantastic endeavor'
 'not only one but a lot of will go parabolicim a big fan of team and i think you should look into itteam is an erc token that acts as an aggregator for team daos participation in amp economies as well as a revenue generator for token holders'
 'in my case its teama place for people who want to play games people who believe in the  and asset managers to deeply engage in the new economythrough the dao gamers and investors may obtain the best roi in the business'
 'i dont think team will let you downholders of the team token can utilize it to create and vote on governance ideas that assist move forwardteam token ido is set to launch this month with whitelisting information to follow shortly'
 'did you knowyou can underutilised game assets to team dao and receive wteam in returnhold wteams and earn passively andor stake it for decent aprkeep an eye out the wteam marketplace launch is the beginning of the revolution is bringing to gaming'
 'right now i can only recommend team my newly discovered favorite asset whose development team has been hard at work implementing strategic featuresin here even the lowest quality axies are still used to maximize roi'
 'team is totally a boom as it seeks to not only maximize fun but also profitability with its high roi systemscalability flexibility amp quality are the three key solution it offers which gives it an edge over other gaming guilds'
 'have been building strong for a while now team ido is drawing closer as it will be held this monththe marketplace is close to completion and will launch very soontake a look and '
 's wteam team scholars and game assets are wrapped in an nft to become tradable esports players  wteam nfts which generate income automatically for wteam owners and the daostake wteam with a potential  aprwteam marketplace launching in april'
 'x min is my target on team after the ido  major cex listing scheduled for late april is revolutionary with its proprietary scalable solution for guild managementthe and economies are at the core of teams vision as they build the guild '
 'teamcurrently gaming guild is at the top of its gameusing ingame training andrewards to motivate players and allow many to fulfill their living expenditures a new model was bornare you still puzzled about it read this'
 'teamthe management system of is proprietary and scalable at the heart of teams vision are and economiesan assortment of pe games and the metaverse will be created with valuable assets on it'
 'team down  after dark pool prints buying opportunity'
 'im looking forward to the next big pump from team since i can attest to its techenabled community and hyperscalable onboarding amp training systemthis ecosystem growth amp solutions are to be reckoned with since it provides a better solution for the gaming guild industry'
 'team profit factor of and trade win rate of  trades executed buy signal in place chart by ultraalgo'
 'do you know teams management system is proprietary and scalable and economies are at the core of our vision a variety of pe and metaverse will be developed using valuable team'
 'stocktwits trending alert trading recent interest in atlassian corporation plc class a ordinary sharesteam'
 'team work loving this bottoming action'
 'teamshares closed above shortterm resistance at  and now face resistance from early march at  the stock remains below its day moving average of ']"
21,$RBLX,99,0.5441363636363636,0.5098484848484849,Negative,"['rblx looking juicy'
 'the boss of roblox received a pay package that the videogame company valued at  million last year instantly putting him in the ranks of the countrys toppaid chief executives rblx'
 'in case you missed this last night the boss of roblox received a pay package that the videogame company valued at  million last year instantly putting him in the ranks of the countrys toppaid chief executives rblx'
 'roblox corporation nyse rblx has released their annual report and proxy statement'
 'rblx watching this inverse head and shoulderswant to see a break of to see it enter the gap fill around  really nice bottoming out setup on the daily'
 'roblox rblx ceo david baszucki received a pay package valued at  million in according to the wsj'
 'rblx oct puts now up to x'
 'rblxs in uptrend moving average convergence divergence macd histogram crosses above signal line view odds for this and other indicators'
 'only thing i swung is rblx' 'when rblx '
 'with those rblx share price incentives for the ceo if i were him i would contract with the apes to help get the price there okmaybe not a sound plan hahahahah'
 'believe thats the emoji he uses for rblx which direction'
 'rblx roblox stocks dropping is wall streets honeymoon in the metaverse over'
 'rblx dont miss the next free option stock crypto chat in a few hours'
 'rblx c re entering  dtswing'
 'rblx basing before a move higher  big level' 'new position in rblx'
 'reminiscing rblx gang days'
 'rblx consolidation zone on the daily above will breakout into the next marked levels and below will lead to downside'
 'rblx daily']","['trying some rblx p' 'can rblx just die back to already'
 'rblx is on a launch pad waiting to break before taking off'
 'amy called out an amazing play this morning with rblx calls i confirmed the setup bc i dont just enter blindly and got a great entry and made over  on the break out'
 'rblx oi chart free stock apps' 'rblx c re entering  dtswing'
 'chart for rblx free options app'
 'rblx basing before a move higher  big level' 'new position in rblx'
 'in rblx calls again looking for  bought these s for '
 'hows rblx if you dont mind '
 'rblx successful traders using this best trading platform online'
 'rblx  calls  entry' 'only thing i swung is rblx'
 'rblx dont miss the next free option stock crypto chat in a few hours'
 'lower app store fees from apple and google would make sharing more money with developers easier i think that can be robloxs main value proposition to share revenue with developers all while making it incredibly easy to acquire users rblx'
 'rblx roblox class a option order flow sentiment is  bullish'
 'seems to be mia for some reason look for the amended filing rblx'
 'rblx still working new low of day' 'rblx daily']"
22,$RSX,16,0.6622903225806451,0.47676470588235287,Negative,"['if you invest in adr shares you either realize a loss or baghold long enough to start defending russian war crimes because rsx is halted'
 'ru eu reportedly to ban russian trucks and vessels from entering the eu to block all transactions with vtb bank and other three russian banks already excluded from swift messaging system  pressrsxmore at '
 'i think you owe your rsx investors an update even if it is we have no word yet when the cboe will authorize the resumption of trading in russia fund'
 'would be nice if the cboe resumed trading on rsx'
 'but i want to buy rsx'
 'i like it we are holding a sliver of rsx right now speculative play obviously it will be interesting to see what happens with this'
 'ive petitioned to be able to keep all of the cash poors have tied up both long and short rsx seems like the only logical solution imo'
 'is this good for rsx'
 'ur ukraine president zelenskiy it is possible there will be no meeting between him and pres putin possibility of holding talks with russia is now very challenging but there is no other option rsxmore at '
 'rsx all that you need to know shorts havent covered a single share'
 'un aid chief says after meeting russian officials in moscow on monday he believes we have a very long road ahead of us says hopes to travel to ukraine on wednesday to meet ukranian officials rsx'
 'thank you looks like rsx fortunes are tied to veon judging by the bounce to late feb levels that equates to rsx to around '
 'does it mean that rsx can liquidate their gdr and adr holdings for '
 'first out rsx kremlin said we donampt reject possibility of a putinzelensky meeting but itamp only possible once a document has been agreed declined comment on progress of talks with'
 'rsx fell apart well before other major markets that i follow we closed this one too soon who knew what when i want answers'
 'we went short rsx on friday as the geopolitical situation appeared to be heating up were hoping for a peaceful resolution to the matter but left some on should things escalate']","['i like it we are holding a sliver of rsx right now speculative play obviously it will be interesting to see what happens with this'
 'thank you looks like rsx fortunes are tied to veon judging by the bounce to late feb levels that equates to rsx to around '
 'i think you owe your rsx investors an update even if it is we have no word yet when the cboe will authorize the resumption of trading in russia fund'
 'would be nice if the cboe resumed trading on rsx'
 'does it mean that rsx can liquidate their gdr and adr holdings for '
 'rsx all that you need to know shorts havent covered a single share'
 'is this good for rsx' 'but i want to buy rsx'
 'un aid chief says after meeting russian officials in moscow on monday he believes we have a very long road ahead of us says hopes to travel to ukraine on wednesday to meet ukranian officials rsx'
 'if you invest in adr shares you either realize a loss or baghold long enough to start defending russian war crimes because rsx is halted'
 'first out rsx kremlin said we donampt reject possibility of a putinzelensky meeting but itamp only possible once a document has been agreed declined comment on progress of talks with'
 'ru eu reportedly to ban russian trucks and vessels from entering the eu to block all transactions with vtb bank and other three russian banks already excluded from swift messaging system  pressrsxmore at '
 'rsx fell apart well before other major markets that i follow we closed this one too soon who knew what when i want answers'
 'we went short rsx on friday as the geopolitical situation appeared to be heating up were hoping for a peaceful resolution to the matter but left some on should things escalate'
 'ur ukraine president zelenskiy it is possible there will be no meeting between him and pres putin possibility of holding talks with russia is now very challenging but there is no other option rsxmore at '
 'ive petitioned to be able to keep all of the cash poors have tied up both long and short rsx seems like the only logical solution imo']"
23,$WISH,69,0.5617717391304348,0.4738347826086956,Negative,"[' take a look at wish' 'wish will be over  one day'
 'dude any day at this point if it takes longer probably more constructive wish explosive move will be stunning'
 'buy wish ' 'like if you bullish on wish  this month ' 'wish'
 'here is a chart with all the major levels on wish from  to '
 'wish i always read through all the comments when wish makes a post to get a feeling for the sentiment there are a lot less negative comments in the last few months and a lot of the comments are not english thought this would be interesting to some people'
 'wish overall download rank for androidstill on a higher level since the launch of wish clips  feb the top of the graphic before the launch has become the bottom of the graphic since then'
 'sold covered calls again yesterday wish another  off free premiums for the weekits closer to getting above  than most realize until then its just a waiting game but within this waiting game plenty money can still be made'
 'wish more than usual puts activities is starting at  today this is another great indicator  is going to be the new  support soon wont be down here much longer'
 'anyone else notice how low volume is wish'
 'should i announce share buyback wish  the consequences of this poll will be important please vote carefully'
 'welp there it is just about erased all of yesterdays gain head and shoulders triple top action should be under  before you know it wish'
 'wish'
 'hold simply the chances of going up is much more than going down if wish turns around successfully it will be huge'
 'serious question for my stock friends do i let go of my wish position at  loss or does anyone see it turning around i have had so much confidence in a turnaround especially with the new ceo i dont feel ive given him a chance yet someone give me some words of wisdom'
 'thats gonna have to be wish' 'wish' 'wish big show']","['wish best room on the net stay turned'
 'looks like all gains from yesterday will be erased today this thing really has no strength only moves up slightly when indices rip wish'
 'stop trolling and focus on making wish'
 'wish awaiting short signal day trading by ultraalgo'
 'wish one of the biggest looser again on absolutely no volume'
 ' take a look at wish'
 'contextlogic inc current quarter revenue growth yoy of  ranked out of companies in our database wish'
 'wish was the th most mentioned on chan over the last daysvia' 'wish'
 'wish'
 'short interest spikes right before the top in nasdaq wish but as you can clearly see they have been covering into this downtrend'
 'wish see this room for trading profit'
 'serious question for my stock friends do i let go of my wish position at  loss or does anyone see it turning around i have had so much confidence in a turnaround especially with the new ceo i dont feel ive given him a chance yet someone give me some words of wisdom'
 'wish'
 'wish seeing an uptick in chatter on wallstreetbets over the last hoursvia'
 'wish guys dont miss the next move in a few hours' 'wish big show'
 'wish seeing sustained chatter on wallstreetbets over the last few daysvia'
 'hold simply the chances of going up is much more than going down if wish turns around successfully it will be huge'
 'wish seeing sustained chatter on chan over the last few daysvia']"
