,subreddit,title,upvote_ratio,ups,score,num_comments,id,time
0,wallstreetbets,$600 >93k > 40k in a week on SST. Still holding.,0.95,1730.0,1730.0,666.0,typmth,2022-04-07T23:19:41Z
1,wallstreetbets,Less than 24 hour gains on SST -- sold all but 10%. Realized profit over 120k.,0.95,215.0,215.0,50.0,tx7679,2022-04-05T22:38:16Z
2,wallstreetbets,$SST GAIN PORN $24K -> $278K Overnight & Ready for tomorrows fireworks!,0.94,664.0,664.0,131.0,tysf8v,2022-04-08T01:45:34Z
3,wallstreetbets,"SST +17,000%",0.96,1190.0,1190.0,383.0,tzq0o8,2022-04-09T09:55:45Z
4,wallstreetbets,$SST YOLO - Will this make up for $200K loss last year?,0.89,102.0,102.0,31.0,tymv2z,2022-04-07T21:06:54Z
5,wallstreetbets,Beat the System ($SST $500k gain),0.94,572.0,572.0,122.0,tz3fzx,2022-04-08T13:22:19Z
6,wallstreetbets,SST Update: 40k>90k(again)>28k. All of that today. Still holding.,0.88,105.0,105.0,97.0,tzc4oi,2022-04-08T20:07:36Z
7,wallstreetbets,10k > 240k over night on $SST earlier this week,0.92,316.0,316.0,51.0,tyttyl,2022-04-08T03:01:35Z
8,wallstreetbets,"$SST lol. First time I see a stock with ALL calls ITM. Price from high to low, $AAPL for comparison. WDYT?",0.82,56.0,56.0,40.0,tzcryr,2022-04-08T20:38:53Z
9,GME,Citadel is back at it again in $SST,0.34,0.0,0.0,13.0,u1sx2o,2022-04-12T06:59:56Z
